Flight_ID,Airline,Route,Flight_Type,Scheduled_Time,Estimated_Time,Gate,Terminal,Runway,Status,Delay_Minutes,Aircraft_Type,Aircraft_Capacity,Weather_Condition,Temperature_C,Wind_Speed_kmh,PSR_Track_ID,SSR_Code,SMR_Location,Latitude,Longitude,Alert_Status,Issue_Type,Turnaround_Time,Taxi_Time,Queue_Position,Passenger_Count,Load_Factor_%
UL200,SriLankan Airlines,CMB-Singapore,Departure,5/13/2026 6:00,5/13/2026 6:05,14,T1,22,Arrived,51,B777,185,Clear,27,21,PSR0,1927,Taxiway,6.8807598,79.86087777,Warning,Weather,94,24,9,242,88
UL201,Air India,CMB-Male,Arrival,5/13/2026 6:15,5/13/2026 6:20,8,T2,22,On Time,42,A320,200,Storm,28,32,PSR1,4825,Gate,7.162823775,79.72683942,Critical,Congestion,48,13,9,259,78
UL202,SriLankan Airlines,CMB-Singapore,Arrival,5/13/2026 6:30,5/13/2026 6:35,12,T2,22,Boarding,38,A320,240,Rain,30,10,PSR2,3272,Runway,7.031949391,79.94958382,Critical,Technical,90,17,2,175,85
UL203,Singapore Airlines,CMB-Doha,Departure,5/13/2026 6:45,5/13/2026 6:50,16,T2,4,Departed,10,A320,288,Storm,31,37,PSR3,5263,Taxiway,6.958722431,79.72029385,Normal,Technical,95,21,7,272,74
UL204,Qatar Airways,CMB-Male,Departure,5/13/2026 7:00,5/13/2026 7:05,21,T2,4,Delayed,26,A330,320,Storm,25,14,PSR4,6419,Runway,7.112303007,79.82154972,Critical,Delay,106,19,6,225,82
UL205,Singapore Airlines,CMB-Dubai,Arrival,5/13/2026 7:15,5/13/2026 7:20,20,T1,22,Arrived,45,A320,193,Storm,31,13,PSR5,4757,Runway,6.832751749,79.78065722,Normal,None,74,16,8,81,82
UL206,SriLankan Airlines,CMB-Doha,Departure,5/13/2026 7:30,5/13/2026 7:35,23,T2,4,Boarding,33,B737,313,Fog,25,19,PSR6,3181,Taxiway,6.995781392,80.09206543,Normal,Weather,112,24,4,249,99
UL207,Qatar Airways,CMB-Bangkok,Departure,5/13/2026 7:45,5/13/2026 7:50,18,T2,22,On Time,2,B777,192,Rain,28,17,PSR7,2759,Taxiway,7.091002193,79.80980535,Warning,None,30,13,6,166,76
UL208,Emirates,CMB-Dubai,Departure,5/13/2026 8:00,5/13/2026 8:05,5,T1,22,Delayed,59,B737,153,Storm,32,32,PSR8,4334,Taxiway,6.983876119,79.83665863,Normal,Technical,50,19,3,177,61
UL209,Singapore Airlines,CMB-Singapore,Departure,5/13/2026 8:15,5/13/2026 8:20,1,T2,22,On Time,57,A320,243,Clear,28,34,PSR9,7473,Runway,7.144790583,79.95625907,Critical,Delay,32,7,4,229,99
UL210,Air India,CMB-Male,Arrival,5/13/2026 8:30,5/13/2026 8:35,9,T1,4,Delayed,38,A330,342,Rain,33,14,PSR10,7483,Runway,6.8938245,79.96697057,Normal,None,118,18,2,259,66
UL211,Qatar Airways,CMB-Doha,Arrival,5/13/2026 8:45,5/13/2026 8:50,22,T1,4,Boarding,32,B777,283,Fog,25,17,PSR11,5240,Runway,6.919808508,80.02586825,Critical,None,100,19,4,260,85
UL212,IndiGo,CMB-Doha,Arrival,5/13/2026 9:00,5/13/2026 9:05,5,T2,4,Arrived,21,A330,288,Rain,28,38,PSR12,3708,Gate,7.013897198,79.84260392,Normal,Technical,109,17,2,202,95
UL213,IndiGo,CMB-Doha,Departure,5/13/2026 9:15,5/13/2026 9:20,12,T2,4,Arrived,12,B777,161,Storm,33,22,PSR13,4184,Runway,7.114296339,80.09982791,Normal,Congestion,57,13,4,269,98
UL214,IndiGo,CMB-Bangkok,Arrival,5/13/2026 9:30,5/13/2026 9:35,15,T2,22,Boarding,19,A330,244,Rain,30,7,PSR14,5850,Taxiway,7.055798801,79.88464309,Critical,Weather,36,15,4,183,97
UL215,Air India,CMB-London,Departure,5/13/2026 9:45,5/13/2026 9:50,19,T2,4,On Time,53,B737,256,Storm,32,39,PSR15,7043,Runway,7.107160314,79.94452758,Critical,Weather,69,14,6,318,74
UL216,Singapore Airlines,CMB-Singapore,Arrival,5/13/2026 10:00,5/13/2026 10:05,10,T2,4,On Time,18,A320,231,Rain,30,27,PSR16,1970,Runway,7.133739353,80.08906815,Warning,Technical,105,20,5,241,94
UL217,IndiGo,CMB-Bangkok,Departure,5/13/2026 10:15,5/13/2026 10:20,8,T2,4,Departed,58,A330,343,Fog,32,35,PSR17,3207,Taxiway,7.06708862,79.78181689,Warning,None,63,10,3,177,61
UL218,Qatar Airways,CMB-Chennai,Arrival,5/13/2026 10:30,5/13/2026 10:35,18,T2,4,Delayed,8,B737,277,Clear,29,16,PSR18,1588,Runway,6.852345789,79.765773,Warning,Weather,99,17,1,193,66
UL219,Singapore Airlines,CMB-Dubai,Arrival,5/13/2026 10:45,5/13/2026 10:50,19,T2,22,Delayed,11,A330,236,Clear,26,29,PSR19,3158,Runway,6.885576418,79.76536908,Critical,Congestion,80,15,3,297,71
UL220,Singapore Airlines,CMB-Chennai,Arrival,5/13/2026 11:00,5/13/2026 11:05,2,T1,22,Delayed,41,B777,312,Storm,25,20,PSR20,3441,Taxiway,6.953963575,80.09455635,Warning,Technical,119,17,6,182,86
UL221,Qatar Airways,CMB-Dubai,Departure,5/13/2026 11:15,5/13/2026 11:20,16,T2,22,Arrived,58,B737,292,Storm,31,24,PSR21,1276,Gate,7.136425036,80.04622331,Normal,Weather,22,21,6,137,76
UL222,Emirates,CMB-Singapore,Departure,5/13/2026 11:30,5/13/2026 11:35,15,T1,22,Delayed,23,B737,261,Fog,32,32,PSR22,7247,Taxiway,6.814313991,79.94653731,Normal,Delay,105,18,9,135,83
UL223,Qatar Airways,CMB-Singapore,Arrival,5/13/2026 11:45,5/13/2026 11:50,1,T2,22,On Time,27,A330,179,Clear,32,30,PSR23,5340,Runway,6.995462612,80.07448769,Normal,Weather,42,18,5,299,77
UL224,IndiGo,CMB-Dubai,Arrival,5/13/2026 12:00,5/13/2026 12:05,8,T1,22,Departed,58,A330,297,Storm,33,13,PSR24,4990,Runway,7.049919652,79.76114696,Normal,Technical,99,24,3,250,97
UL225,Singapore Airlines,CMB-London,Departure,5/13/2026 12:15,5/13/2026 12:20,18,T2,22,Arrived,51,A330,319,Storm,29,37,PSR25,3437,Runway,6.908183055,79.8510892,Warning,Congestion,102,15,1,210,76
UL226,Air India,CMB-Bangkok,Departure,5/13/2026 12:30,5/13/2026 12:35,9,T2,4,Arrived,16,B777,214,Clear,34,37,PSR26,3825,Taxiway,6.983263703,79.90910322,Warning,Technical,80,10,1,258,88
UL227,SriLankan Airlines,CMB-Singapore,Departure,5/13/2026 12:45,5/13/2026 12:50,13,T2,4,Boarding,4,B737,244,Clear,27,32,PSR27,7677,Gate,7.021570496,79.74566744,Normal,Congestion,116,15,2,285,90
UL228,IndiGo,CMB-Dubai,Departure,5/13/2026 13:00,5/13/2026 13:05,15,T2,22,Boarding,47,B777,248,Fog,32,9,PSR28,2052,Runway,7.097950061,80.04324693,Critical,Delay,94,14,5,89,80
UL229,Singapore Airlines,CMB-Singapore,Departure,5/13/2026 13:15,5/13/2026 13:20,10,T1,22,Arrived,12,B737,289,Fog,30,17,PSR29,7517,Gate,7.161355867,79.7718771,Critical,Congestion,46,24,9,274,86
UL230,Emirates,CMB-London,Departure,5/13/2026 13:30,5/13/2026 13:35,12,T1,4,Departed,54,A330,269,Fog,34,28,PSR30,2449,Runway,6.882881382,79.86005782,Normal,Weather,42,12,7,215,92
UL231,Qatar Airways,CMB-Doha,Arrival,5/13/2026 13:45,5/13/2026 13:50,15,T1,22,Arrived,34,A320,171,Fog,28,10,PSR31,5530,Taxiway,6.854081501,79.84175771,Critical,Congestion,69,18,9,209,89
UL232,SriLankan Airlines,CMB-Bangkok,Arrival,5/13/2026 14:00,5/13/2026 14:05,15,T1,22,Delayed,23,B777,171,Fog,31,30,PSR32,2270,Gate,6.922078457,79.77688086,Normal,Weather,46,12,7,319,60
UL233,IndiGo,CMB-Male,Arrival,5/13/2026 14:15,5/13/2026 14:20,1,T1,4,Departed,41,B777,177,Clear,29,35,PSR33,5847,Gate,6.993828982,79.74881517,Warning,None,106,5,5,313,87
UL234,IndiGo,CMB-Bangkok,Arrival,5/13/2026 14:30,5/13/2026 14:35,24,T1,4,Arrived,19,B737,274,Clear,25,31,PSR34,7446,Taxiway,7.199726764,80.05169384,Normal,Weather,107,17,4,120,78
UL235,Qatar Airways,CMB-Bangkok,Departure,5/13/2026 14:45,5/13/2026 14:50,17,T2,4,Arrived,33,A330,167,Fog,31,27,PSR35,2258,Taxiway,7.083562218,80.02397347,Warning,Delay,55,5,3,242,87
UL236,IndiGo,CMB-Bangkok,Departure,5/13/2026 15:00,5/13/2026 15:05,22,T2,22,Delayed,31,A320,318,Rain,26,37,PSR36,4282,Taxiway,7.014922727,79.79701245,Critical,Delay,28,15,8,299,83
UL237,Qatar Airways,CMB-Chennai,Departure,5/13/2026 15:15,5/13/2026 15:20,12,T2,4,Boarding,17,A320,229,Storm,33,32,PSR37,2401,Runway,6.872307331,79.90989838,Warning,None,38,18,5,238,66
UL238,Emirates,CMB-Dubai,Departure,5/13/2026 15:30,5/13/2026 15:35,3,T2,22,Arrived,25,A330,160,Storm,30,29,PSR38,4124,Gate,6.835459726,79.72459969,Normal,Technical,82,21,4,264,87
UL239,SriLankan Airlines,CMB-Singapore,Arrival,5/13/2026 15:45,5/13/2026 15:50,22,T1,4,Departed,9,B777,327,Storm,26,31,PSR39,4296,Runway,6.90896231,80.0208116,Critical,None,62,5,1,162,89
